"zip","price","sq_ft","lot_size","beds","baths","age","daysOnMarket"
"90043","557000","1497","4796","3","2","1930","97"
"90031","825000","1360","6391","3","1.5","1965","-1"
"90032","545000","1150","6452","3","1","1952","104"
"90043","1325000","1983","7199","3","2","1925","43"
"90043","492000","1176","6250","2","1","1923","75"
"90065","820000","832","4488","2","2","1940","42"
"90046","1168846","1200","2926","2","1","1955","37"
"90045","1570000","2025","6157","3","3","1944","74"
"90049","2314729","2305","0.35","3","3","1955","79"
"90062","650000","2096","5401","3","2","1909","80"
"90066","2350000","2440","4397","4","3","2019","28"
"90062","480000","1402","5406","2","1","1912",""
"90035","1200000","1480","6500","2","1.5","1925","221"
"90047","640000","1423","6703","3","2","1923","28"
"90045","1850000","4600","0.25","9","6","1950","78"
"90077","3499000","5140","0.34","5","6","1969","55"
"90045","1508000","1883","6891","3","3","1949","78"
"90049","8550000","7136","0.49","7","12","1951","71"
"90068","1388000","2538","7417","4","3","1926","58"
"90032","745000","1800","4791","4","3","2018","119"
"90022","578000","1606","5199","4","3","1938","198"
"90032","638000","1380","6407","2","2","1936","32"
"90068","1650000","2600","7702","3","4.5","1954","64"
"90034","1280000","2121","5023","4","3","1945","56"
"90047","370000","936","4717","2","1","1925","85"
"90018","605000","1316","3700","3","1","1925","146"
"90062","466500","958","6504","2","1","1909","62"
"90049","3100000","2076","7511","3","2","1948","47"
"90077","2550000","4432","0.32","6","6","1978","78"
"90032","745000","1701","0.56","3","2","1959","108"
"90027","2757000","4355","6710","5","6","1947","48"
"90064","1220000","1136","3908","3","2","1948","63"
"90066","1395000","1800","5503","3","2","1947","77"
"90045","1001000","1939","9569","3","2","1953","2"
"90011","445000","1196","4794","3","2","1904","175"
"90045","1200000","1364","6062","3","2","1941","98"
"90004","1825000","2376","7638","4","3","1910","34"
"90046","880000","825","2506","2","1.5","1959","108"
"90025","1360000","1913","5621","4","3","1939","170"
"90047","350000","797","2380","2","1","1939","161"
"90024","1925000","2100","6496","2","2","1939","99"
"90026","1130000","2021","1814","3","3","1927","28"
"90066","2605000","2759","6629","4","4.5","2019","-1"
"93591","7500","0","0","0","0","0","62"
"90035","2450000","3112","8774","4","4","1928","105"
"90015","1687000","1710","9.17","2","3","2010",""
"90044","750000","2484","7440","0","0","1948","55"
"90063","568000","2142","6601","0","0","1938","293"
"90062","1000000","4380","0.26","0","0","1921","126"
"90060","162500","0","0","0","0","0","142"
"90045","925000","1644","7019","0","0","1948","78"
"90046","2850000","2148","0.42","3","3","1937","0"
"90019","532000","921","9225","2","2","1983","50"
"90020","507000","1088","0.8","2","2","1992","61"
"90042","435000","924","8.81","2","1","1980","58"
"90043","915000","1695","5331","3","3","1948","41"
"90025","980000","1777","6455","3","3","1980","76"
"90012","1225000","2217","0.55","1","2","1907","48"
"90230","589900","945","0.44","2","1","1967","60"
"90045","1030000","1398","6503","2","1","1943","76"
"90004","1060000","1808","6000","5","3","1910","42"
"90016","750000","1104","6576","3","2","1944","39"
"90004","745000","1641","0.69","2","3","2003","90"
"90004","560000","960","2502","2","1","1920","163"
"90066","1022000","1633","0.78","3","3","1994","75"
"90069","510000","761","2.76","1","1","1973","80"
"90002","263000","740","3092","2","1","1910","40"
"90045","1640000","2243","8493","3","3","1950","89"
"90064","1849000","2241","5722","4","3","2019","47"
"90230","1128000","1142","5003","3","1","1947","40"
"90034","460000","917","4.07","1","1","1961","276"
"90016","462000","961","12.68","1","1","1942","26"
"90024","870000","1409","0.72","2","2","1989","107"
"90032","758000","1827","7506","3","1.5","1939","47"
"90039","1520000","1840","5518","3","3","1940","49"
"90016","1085000","1775","6300","3","2","1924","47"
"90027","2325000","2309","5549","3","4","1937","47"
"90042","995000","2018","6297","2","1.5","1963","37"
"90039","1580000","1938","5400","3","3","1923","89"
"90047","440000","1180","5604","3","1","1947","58"
"90001","773000","3488","4940","0","0","2015","92"
"90045","1120000","2276","6761","3","3","1950","60"
"90018","1046000","2224","5749","4","3","1915","48"
"90025","1190000","1951","6752","4","3","1988","76"
"90049","850000","1083","5690","2","2","1988","46"
"90004","1280000","1600","2401","2","3","1924","28"
"90064","860000","1457","0.37","2","3","2009","96"
"90061","680000","3294","5221","0","0","2004","378"
"90043","640000","1510","5800","3","2","1938","14"
"90064","1309000","1999","3132","3","3","1988","197"
"90004","352500","1296","1","1","1","1926",""
"90003","933500","2458","4550","8","4","1963","7395"
"90020","425000","848","9015","1","1","1959","64"
"90003","1593409","1341","5106","3","2","1910","122"
"90064","2537576","3033","5847","5","4","1927","28"
"90039","825000","1243","0.68","2","3","2014","195"
"90029","935000","1339","4999","2","2","1921","32"
"90011","675000","2024","6106","1","1","1945",""
"90069","635000","741","2.3","1","2","1972","32"
"90003","325000","872","4263","2","1","1922","52"
"90230","1225000","1437","4998","3","2","1947","80"
"90004","770000","1349","2.73","1","1.5","1972","53"
"90049","2700000","2960","6835","4","4.5","1946","41"
"90048","1650000","2410","0.27","2","2","1981","6085"
"90066","1501000","0","5439","3","2","1941","43"
"90046","1850000","1360","6500","2","2","1923","1493"
"90048","1240000","0","6299","3","2","1925","80"
"90044","355000","1091","8311","2","1","1920",""
"90011","659000","1196","9506","3","3","1995","45"
"90024","1000000","1458","1.95","2","2","1961","773"
"90065","948000","1329","5118","2","2","1949","37"
"90024","1725000","1643","6470","3","2","1924","72"
"90077","2789330","3471","0.59","5","4.5","1960","28"
"90004","1800000","1743","7001","3","2","1921","37"
"90004","2750000","2509","7436","4","3","1924","37"
"90035","2000000","1875","6386","3","2","1948","25"
"90069","4180000","4000","6324","4","5","2009","35"
"90011","600000","2458","7137","4","4","1904","7350"
"90019","789000","0","0.4","12","10","1944","3146"
"90064","1069000","1547","6084","2","3","1979","30"
"90043","700000","1844","7747","4","2","1924","80"
"90018","745000","1564","5105","2","2","1912","90"
"90037","1025000","7912","5447","4","12","1928","4281"
"90034","1337000","2010","0","3","4.5","2018","81"
"90031","875000","2970","5099","7","5","1995","50"
"90230","889000","1734","1253","3","3","1972","84"
"90002","400000","1284","3324","3","2","2002","77"
"90027","1330000","1769","8400","3","2","1921","39"
"90004","1473325","2545","7989","3","4.5","1919","191"
"90043","1385000","2211","8262","3","3","1940","46"
"90011","933500","3840","6220","8","8","1923",""
"90042","418000","920","13.88","2","1","1981","62"
"90063","465000","1064","4643","3","1","1954","213"
"90002","420000","1266","2378","3","1.5","1993","97"
"90044","383225","1428","5416","3","2","1937","40"
"90039","1075000","1843","4621","4","3","1923","49"
"90034","1415000","2194","5018","4","6","2018","46"
"90046","2791759","3162","0.28","4","3","1959","151"
"90066","1250000","1101","4901","2","2","1949","46"
"90066","1684000","2946","7774","4","3","1948","190"
"90043","530000","2031","4000","4","3","1928","170"
"90062","933500","3441","6075","7","7","1924",""
"90042","542000","1148","4.98","2","2","1987","49"
"90046","590000","1184","1.53","2","2","1973","43"
"90001","460000","982","2942","3","2","1925","49"
"90042","4800000","12004","0.31","31","16","1990",""
"90046","925000","2740","0.26","3","3","2006","50"
"90044","383225","1428","5416","3","2","1937","40"
"90043","711000","1664","5400","3","2","1930","42"
"90029","675000","816","2811","2","1","1922","81"
"90064","2265000","3713","4130","6","6","1937","64"
"90027","1900000","4532","7725","6","4","1941","56"
"90034","1300000","2065","0","3","4.5","2018","52"
"90037","830000","1075","5208","2","1","1907","441"
"90013","1280000","1910","0.99","2","2","1923","35"
"90047","480000","1459","5576","2","1","1939","59"
"90066","1565000","1774","4798","3","3","1948","83"
"90018","554900","961","4140","2","1","1940","28"
"90042","735000","1272","4784","3","2","1922","94"
"90011","510000","1587","6251","0","0","1952","65"
"90026","1400000","5200","8001","0","0","1927","233"
"90006","845000","3626","0","0","0","1906","160"
"90011","440000","1836","4638","0","0","1904","49"
"90069","790000","1339","0.89","2","2","1965","39"
"90022","390000","808","5961","2","1","1926","99"
"90001","585000","3347","0","0","0","1915","387"
"90057","525000","1309","0.99","2","2","1971","55"
"90025","1500000","1731","6195","2","1","1941","71"
"90064","2950000","3621","7590","4","4.5","1937","61"
"90069","549000","989","0.92","1","1.5","1969","42"
"90068","1095000","1713","6071","3","2","1957","29"
"90066","1430000","1284","6422","3","3","1941","134"
"90063","470000","1160","4461","3","1","1931","69"
"90025","2595000","2561","6071","3","3","1938","59"
"90019","789000","1632","0","3","2","2019","90"
"90014","762500","890","0.52","0","1","1930","29"
"90045","1377500","1993","6153","3","3","1951","34"
"90049","4430000","3768","0.52","4","6","1979","62"
"90066","460000","778","3.28","1","1","1970","35"
"90077","1800000","1925","0.69","4","3","1954","131"
"90024","2100000","2874","0.94","2","3","1982","132"
"90061","485000","1098","6579","4","2","1947","45"
"90002","399500","1181","4229","3","1","1935","34"
"90024","1000000","1654","0.75","2","2","1980","56"
"90045","591500","1618","0.56","2","3","1991","40"
"90043","800000","1480","8368","3","2","1938","66"
"90063","455000","890","5183","2","1","1959","36"
"90094","1875000","2304","1.2","4","4","2015","125"
"90077","2900000","2724","0.42","3","4.5","1955","45"
"90008","1990000","3332","9016","4","6","1951","62"
"90022","460000","1150","3884","3","1","1948","48"
"90022","357500","837","6399","2","1","1912","177"
"90034","1025000","2092","6587","3","2","1941","141"
"90077","1400000","1852","4320","3","2","1959","42"
"90049","400000","475","1.15","1","1","1973","131"
"90022","478000","1283","3831","3","2","1928","58"
"90041","770000","1552","6543","3","2","1922","33"
"90033","580000","1309","5883","0","0","1924","305"
"90044","565000","1625","4083","3","2","1932","67"
"90065","1100000","2362","9327","4","3","1965","189"
"90005","480000","960","0.31","2","2","2006","-1"
"90006","772432","2160","0","0","0","1900","200"
"90023","490000","1912","4809","0","0","1925","-1"
"90037","652200","2171","5000","0","0","1910","174"
"90059","3456818","768","5607","2","1","1951","3429"
"90048","1100000","1563","0.4","2","3","2005","40"
"90042","853000","1120","3000","2","2","1901","44"
"90025","795000","1117","0.43","2","2","1987","82"
"90022","410000","923","4220","2","1","1941","178"
"90024","1343250","2082","0.94","3","3","1961","56"
"90006","null","1280","0.29","2","0","0",""
"90065","1250000","1510","5074","3","2","1949","47"
"90033","950000","4200","6230","9","6","1957","846"
"90046","430000","783","0.74","1","2","1965","70"
"90046","699000","1528","0.67","2","2","1960","41"
"90025","789000","1182","0.3","2","2","1980","44"
"90068","495000","928","0.42","1","1","1965","50"
"90049","1307500","1672","0.36","3","3","2010","42"
"90019","886000","986","6885","2","1","1924","22"
"90026","1085000","1365","1934","2","3","2015","33"
"90042","2520000","8720","0.45","16","12","1960","5150"
"90049","5775000","3244","0.27","4","4","1948","75"
"90031","588000","1056","5099","3","1","1923","98"
"90045","1750000","2848","5750","5","4.5","1941","50"
"90025","1026000","1710","6500","2","2","1979","37"
"90006","1800000","7042","7613","14","13","1962",""
"90048","1950000","3914","6252","6","4","1936",""
"90045","1300000","1753","6151","3","3","1944","41"
"90046","2100000","2440","0.35","4","4","1992",""
"90004","3145000","2952","0.23","5","4","1922",""
"90012","520000","1323","2.84","2","2","1982","41"
"90018","725000","1437","6526","3","2","1940","58"
"90002","300000","1834","5016","2","1","1944",""
"90003","845000","1036","5490","3","1","1922","5730"
"90061","375000","769","6253","1","1","1921","63"
"90048","3175000","2403","4800","3","4","2015","989"
"90094","839000","1230","0.91","2","2","2003","28"
"90059","305000","990","5831","2","1","1945","64"
"90094","839000","1230","0.91","2","2","2003","28"
"90048","3175000","2403","4800","3","4","2015","989"
"90041","705000","1895","6603","3","2","1924","48"
"90026","1300000","1774","7500","3","2","1962","173"
"90230","893000","1628","2.87","3","3","1967","147"
"90022","505000","952","4047","2","1","1948","1"
"90043","735000","1597","6003","3","2","1925","32"
"90045","1850000","3410","6821","5","4.5","1949","177"
"90043","475000","998","4801","2","1","1924","190"
"90068","605000","1293","11.7","2","2","1966","31"
"90065","735000","909","7588","2","1","1953","163"
"90069","650000","741","0","1","2","1972","32"
"90004","5200000","6081","0.4","5","6","1928","1"
"90016","485000","900","1.71","2","1.5","1949","32"
"90016","774500","1236","5060","3","1","1925","81"
"90024","1650000","2188","6978","4","3","1941","67"
"90034","1745000","2019","7150","4","3","1948","47"
"90046","3180000","8190","6565","12","12","1960",""
"90022","350000","2358","7668","5","4","1952",""
"90066","3900000","3849","7513","5","7.5","2019","8"
"90048","2075000","1937","6553","3","2","1927","85"
"90034","815000","666","5075","2","1","1925","43"
"90025","2150000","4075","6847","4","4.5","2018","70"
"90048","449000","630","0.57","1","1","1974","75"
"90047","470000","986","4275","2","1","1925","53"
"90018","816000","1500","5607","3","2","1910","33"
"90066","1600000","2758","7089","0","0","1952",""
"90069","710000","1258","0.72","2","2","1970","75"
"90035","4600000","11400","6501","0","0","1991","6565"
"90003","480000","1657","5405","0","0","1958","81"
"90064","2165000","2530","6345","4","3","1937","36"
"90047","490000","1346","6707","3","1","1926","63"
"90002","835000","2681","8383","5","4","1924","41"
"90049","2194000","2477","0.24","4","3","1949","46"
"90066","471000","778","3.28","1","1","1970","54"
"90066","2920000","3391","5669","4","6","2016","55"
"90032","520000","1855","6529","4","2","1906",""
"90006","765000","2384","5711","4","2","1910","51"
"90031","463000","663","4544","3","1","1926","90"
"90045","1075000","1730","5863","3","3","1950","27"
"90068","869000","1735","0.59","3","4.5","0","194"
"90018","785000","1664","7464","3","2","1923","59"
"90049","2230000","2150","6374","3","3","1958","59"
"90035","725000","1027","7543","2","3","1988","70"
"90034","1350600","1314","9035","3","2","1950","61"
"90048","1600000","1476","5400","3","2","1949",""
"90230","64000","1178","1297","2","3","1984",""
"90002","339900","672","2563","2","2","1923","82"
"90230","64000","1178","1297","2","3","1984",""
"90065","715000","792","2899","1","2","1921","60"
"90077","1644890","2073","0.36","3","2","1955","68"
"90043","180000","671","0.72","1","1","1949","326"
"90034","1021000","1576","6897","3","2","1942","70"
"90043","750000","1456","6101","3","2","1934","85"
"90041","786000","1900","7001","4","2","1923","32"
"90045","479000","877","0.55","1","1","1991","46"
"90032","390000","1247","0.73","3","3","1995","101"
"90049","529000","683","9716","1","1","1972","78"
"90004","1920000","3144","7008","5","4","1921","26"
"90066","525000","740","6990","1","1","1971","43"
"90066","1300000","1032","5399","2","1","1927","39"
"90045","981000","1637","6001","3","3","1941","51"
"90069","692500","1174","1.09","2","2","1974","41"
"90008","775000","2772","0.26","4","4","1960","12"
"90032","540000","1050","5055","3","1","1953","253"
"90031","699000","2500","3954","6","3","1910","132"
"90046","3760000","5014","1.16","5","9","1939","264"
"90042","870000","2588","5598","5","4","1911","224"
"90069","539950","797","1.64","1","1","1974","52"
"90011","1190000","7040","0","0","0","1990","41"
"90003","425000","1220","3146","0","0","1940","52"
"90031","775000","1254","3083","3","2","1902","60"
"90064","1164000","1368","6371","3","2","1950","48"
"90044","430000","2135","5200","0","0","1953","94"
"90003","476000","2120","6080","4","2","1922",""
"90040","620000","4","7946","0","0","1959","209"
"90038","1130000","1293","3400","2","2","1922","67"
"90027","3273500","3439","6483","4","5","1931","80"
"90012","540000","720","0.66","0","1","1899","90"
"90046","1850000","2675","0.27","2","3","1940","47"
"90064","3200000","3025","8751","4","4.5","1954","72"
"90069","613000","874","0.89","1","1","1973","40"
"90065","768000","1412","5607","3","2","1915","46"
"90059","390000","1512","3201","5","2","2007","104"
"90042","865000","1856","8425","5","3","1924","4275"
"90025","1006000","1619","0.62","2","2","1973","47"
"90011","685000","2304","6413","0","0","1926","40"
"90012","585000","910","3.17","2","1","2005","56"
"90044","426500","1511","5231","2","1","1937","96"
"90066","1350000","1250","5949","3","2","1944","158"
"90059","635000","2919","0.29","0","0","1908","119"
"90061","412000","1266","5320","3","2","1925","171"
"90043","505000","1404","6003","2","1","1925","54"
"90031","565000","698","4600","2","1","1923","62"
"90069","439000","2350","7492","2","4","1958","376"
"90024","760290","916","1.83","2","2","1973","63"
"90026","945000","2084","2350","2","2","1911","53"
"90046","1670000","1849","0.47","3","2","1962","69"
"90042","815000","1507","4901","3","2","1924","49"
"90077","1700000","2377","3.59","3","3","1976","85"
"90019","4150000","1294","6886","2","1","1925","237"
"90019","1845000","2525","8424","4","4.5","1949","34"
"90063","310000","570","3481","1","1","1925","110"
"90042","910000","1984","4676","3","2","1968","34"
"90026","580000","1160","1750","2","2","1922","27"
"90044","268500","1160","5898","3","1","1929","241"
"90044","300000","854","2949","2","1","1924",""
"90066","1101000","1219","5754","3","1","1947","156"
"90065","1190000","2029","5262","3","2","1977","24"
"90002","460000","1558","4878","3","2","1981","56"
"90066","1075000","1001","5626","2","1","1951","35"
"90032","779000","1811","4972","4","3","1961","57"
"90024","520000","900","0.41","1","2","1972","34"
"90046","1600000","1808","3201","3","2","1923","67"
"90042","1550000","3190","0.37","4","3","1929","60"
"90077","11000000","4892","1.16","4","6","2002","22"
"90064","2983400","3930","6501","5","6","2011","179"
"90001","410000","1436","7570","4","2","1913","32"
"90008","400000","936","5200","2","1","1923",""
"90004","1130000","1694","4838","3","1.5","1920","53"
"90032","720000","1199","0.63","2","2","1960","56"
"90044","180000","1152","5988","2","1","1959",""
"90064","2048092","2034","7005","3","3","1931","43"
"90039","1650000","1582","0.27","3","2","1946","62"
"90057","610000","1460","1.08","2","2","1981","67"
"90043","815000","1568","6075","3","2","1931","37"
"90033","460000","1082","3025","2","1","1902","76"
"90046","660000","972","0.34","2","2","1955","40"
"90064","2365000","2994","0.3","3","4.5","1947","72"
"90026","1710000","1884","0.57","4","3","1923","88"
"90042","845000","1480","6074","2","2","1926","85"
"90044","475000","1331","7034","3","2","1940","222"
"90066","1275000","924","5603","2","1","1925","75"
"90012","715000","910","0.44","0","1","1910","31"
"90005","1970000","2100","5843","3","4.5","2017","46"
"90041","755000","968","2906","2","2","1923","103"
"90036","749000","1321","0.25","2","2","1979","64"
"90065","585500","910","6228","2","1","1921","66"
"90049","2270000","2308","7502","3","3","1948","306"
"90010","910000","2109","0.87","2","2","1981",""
"90036","2157574","3498","7000","4","4.5","1928","94"
"90027","1385000","1674","6500","3","1.5","1922","190"
"90036","1895000","2879","6357","4","3","1928","245"
"90016","644000","1186","13.52","2","2","1945",""
"90028","8750000","0","7204","3","1","1920",""
"90069","1193500","1507","0.65","2","2","1963","21"
"90047","320000","1078","5197","2","1","1930",""
"90059","410000","864","6501","3","1","1925","41"
"90024","1600000","1769","5482","3","3","1929","75"
"90025","944000","1781","0.29","3","3","1989","33"
"90077","1800000","2477","0.27","3","3","1956","81"
"90045","855000","1020","5776","3","2","1944","56"
"90068","875000","1735","0.59","3","4.5","0","215"
"90069","650000","741","2.3","1","2","1972","34"
"90038","2995000","6208","6877","0","0","2019","666"
"90041","570000","775","2480","2","1","1940","3003"
"90020","370000","705","0.41","1","1","1963","83"
"90065","1150000","1584","6107","3","4.5","1978","40"
"90045","950000","927","4801","2","1","1948","12"
"90046","2096000","1817","0.68","3","3","1930","3460"
"90012","432500","1136","0.68","3","1.5","1974","231"
"90068","1025000","1240","6408","3","1.5","1947","44"
"90022","445000","2537","6745","0","0","1938","179"
"90019","1150000","2574","6998","4","3","1913","150"
"90065","200000","0","5925","0","0","1962","85"
"90038","1227500","1967","1303","3","4","2014","28"
"90036","15000000","32885","0.77","0","0","0",""
"90003","300000","819","4760","2","1","1927",""
"90068","849000","1735","0.59","3","4.5","2018","206"
"90042","934000","1095","6300","3","2","1924","46"
"90066","943000","1125","5217","3","1","1947","31"
"90004","2400000","3136","9583","4","3","1922","47"
"90002","175000","590","5245","1","1","1924","654"
"90077","1603800","1550","7532","3","2","1939","66"
"90027","1059000","1293","3199","3","2","1921","66"
"90005","710000","1530","0.46","3","2","2006","63"
"90068","420000","905","13.74","1","1","1975","52"
"90048","2750000","2687","6295","3","4.5","1931","63"
"90065","740000","1092","8255","2","1","1922","94"
"90026","849500","774","3126","1","2","1924","41"
"90002","365000","1237","3265","3","2","2004","169"
"90019","978500","1540","5627","4","2","1926","71"
"90004","1225000","1296","7472","4","2","1918","74"
"90047","855000","4118","5912","6","6","1956","7011"
"90065","1100000","2733","7005","4","4","1990","228"
"90008","850000","1217","8454","3","1","1947","199"
"90003","370000","1402","5117","3","2","1939",""
"90003","395000","912","7002","3","1","1921","26"
"90006","800000","1518","0","3","2","2018","182"
"90077","5925000","5690","9783","5","9","2017","58"
"90016","1100000","1755","5993","3","2","1945","63"
"90029","1000000","2040","7500","3","3","1918","66"
"90042","900000","1062","5186","2","1","1922","32"
"90047","525000","1770","6675","3","2","1928","158"
"90016","850000","1210","4807","2","1","1994","208"
"90003","515000","1456","5003","3","3","1923","66"
"90045","1142000","1352","6081","3","2","1945","53"
"90026","1475000","1944","7492","2","3","1920","62"
"90002","600000","2045","0.23","5","4","1952",""
"90068","1485000","1651","7062","4","2","1955","77"
"90019","980000","1910","6003","3","2","1922","31"
"90063","600000","2070","8262","5","3","1924","48"
"90002","600000","2045","0.23","5","4","1952",""
"90019","980000","1910","6003","3","2","1922","31"
"90008","549000","1221","0.33","2","2","1961","66"
"90041","820000","1237","7771","2","1","1922","87"
"90008","549000","1221","0.33","2","2","1961","66"
"90041","1425000","2200","8285","3","3","1962","40"
"90044","527000","2178","6097","3","3","1926","33"
"90018","550000","1608","6503","2","1","1904",""
"90003","330000","814","4660","2","1","1940","84"
"90065","80000","0","3396","0","0","0",""
"90044","485000","987","5571","3","1","1923","46"
"90047","365000","1477","5674","3","2","1939",""
"90064","1200000","1344","6631","3","2","1948","74"
"90069","1185000","1147","9884","2","2","2018","159"
"90068","812500","1616","0.59","2","3","0","94"
"90042","720000","1330","4802","2","1","1908",""
"90068","875000","1735","0.59","3","4.5","2018","76"
"90041","970000","2656","5002","6","3","1904","156"
"90062","711000","1248","5503","3","2","1916","39"
"90024","1025000","1481","6421","2","3","1979","52"
"90024","960000","1711","0.43","2","2","1981","158"
"90003","325000","864","3652","1","1","1920","51"
"90002","475000","1375","0.23","3","2","1953",""
"90065","305000","580","3574","1","1","1922","28"
"90020","690000","1690","1.37","2","2","2009","116"
"90046","1000000","1300","0.7","2","1.5","2000","84"
"90063","633000","2300","3937","5","3","1937","117"
"90031","301500","630","1.23","0","1","2006","91"
"90049","6200000","5332","8235","4","6","2018","92"
"90011","778000","3506","5194","0","0","2015","74"
"90041","965000","1533","7127","3","2","1950","62"
"90031","455000","808","1815","2","2","1907","64"
"90044","400000","1440","4020","0","0","1949","114"
"90018","775000","2067","5823","0","0","1912","141"
"90044","535000","2375","5625","0","0","1943","94"
"90033","625000","1872","7426","0","0","1997","71"
"90043","610000","1679","4802","3","2","1922","92"
"90001","845000","3460","5102","0","0","2018","112"
"90020","390000","649","1.01","1","1","1986","35"
"90022","465000","1324","5574","0","0","1925","139"
"90011","495000","1470","4501","4","2","1912","174"
"90025","4300000","8302","8233","0","0","1964","79"
"90044","785000","3563","6301","0","0","2011","338"
"90019","1455000","1906","5288","3","3","1940","39"
"90062","490000","1594","5742","3","1","1910","76"
"90065","1193200","1328","0.26","3","1.5","1963","25"
"90019","2826000","8768","9295","0","0","0",""
"90044","350000","1342","6119","3","1","1947",""
"90016","770000","1350","6240","3","1","1935","50"
"90018","759000","1152","4528","3","2","1923","42"
"90062","575000","1136","4932","3","2","1922","363"
"90044","400000","944","4828","3","2","1923","48"
"90044","365000","1167","4120","2","1","1928","170"
"90068","825000","990","2306","2","2","1924","151"
"90063","350000","840","4648","1","1","1940","189"
"90006","1015000","4414","5855","4","4","1921","38"
"90043","760000","1091","6876","2","1","1938","32"
"90042","920000","888","9984","2","1","1938","16"
"90002","210000","832","4087","1","1","1923","165"
"90004","650000","1017","5012","3","1","1923","69"
"90026","1675000","916","4803","2","1","1938","2506"
"90036","1765000","5458","6500","8","8","1928","86"
"90019","820000","1244","6141","2","1","1918","50"
"90019","720000","1344","4960","5","3","1922","42"
"90044","400000","1380","8452","2","1","1932",""
"90043","1349000","3482","0.24","3","3","1928","69"
"90064","1925000","2968","5400","5","5","2019","77"
"90001","409999","900","4869","2","1","1928","36"
"90045","850000","1343","4800","3","2","1944","3919"
"90068","1175000","2464","2673","4","4","1924","4943"
"90077","8200000","6880","0.46","4","7.5","2018","71"
"90064","1166000","984","5804","3","2","1945","43"
"90064","1420000","1351","6372","3","2","1950","43"
"90059","230000","432","4352","1","1","1924","46"
"90049","1399000","2296","0.34","3","3","1979","39"
"90019","965000","1767","0","3","3","2019","89"
"90002","350000","2440","3251","6","4","2006","1723"
"90003","352500","1441","5400","2","2","1948","31"
"90036","1595000","1402","4060","2","2","1924","78"
"90026","905000","1224","2939","2","1","1922","36"
"90027","1405000","2883","6107","8","6","1931","66"
"90059","385000","1026","6870","3","1","1922","977"
"90046","1550000","1437","6001","2","2","1924",""
"90032","365000","733","1.37","2","1","1983","44"
"90019","1250000","2635","8215","4","2","1917","500"
"90001","805000","3454","5097","9","6","2015",""
"90002","352000","880","3677","2","1","1956","79"
"90066","3540000","4150","6699","5","6","2019","86"
"90068","615000","1002","13.74","2","2","1975","22"
"90042","605000","1429","5.34","2","3","1979","48"
"90022","165000","1634","4666","4","2","1923",""
"90035","730000","1347","6547","2","2","1972","200"
"90013","818000","1290","2.09","2","2","2007","64"
"90036","1677000","1807","5499","3","3","1925","34"
"90048","1740000","1737","6180","3","2","1928","74"
"90067","1150000","1773","13.53","3","3","1988","50"
"90003","422500","1584","8108","3","3","1945","55"
"90008","1062425","1861","0.26","2","2","1955","177"
"90061","730000","5122","6005","12","6","1960",""
"90007","617000","1277","6097","3","2","1898","21"
"90047","510000","1421","6554","2","1","1930",""
"90069","875000","822","1943","2","1","1929",""
"90062","481000","1428","6257","3","1","1922","49"
"90008","689000","1483","6500","3","2","1939","150"
"90031","795000","3600","0","0","0","1931","198"
"90023","1500000","4434","7318","11","6","1965","1152"
"90047","600000","1473","4520","3","2","1925","36"
"90043","470000","1062","4801","2","1","1923","118"
"90047","600000","1714","5545","4","2","1947","45"
"90042","655000","928","3185","2","1","1926","141"
"90062","635000","1963","6380","0","0","1939","42"
"90063","850800","3774","6240","0","0","1970","330"
"90059","550000","1728","6846","0","0","1944","40"
"90022","735000","2706","5863","0","0","1971","175"
"90064","1175","1101","5899","3","2","1949","48"
"90019","989000","1767","0","3","3","2019","34"
"90019","1170000","4228","6075","8","4","1925","72"
"90011","350000","914","5400","3","1","1923",""
"90015","1160000","1170","1.21","2","2","2008","39"
"90039","1005000","906","3100","2","1","1926","35"
"90063","400000","916","7504","3","1","1912","125"
"90035","1400000","2322","7997","3","2","1947","2206"
"90037","675000","2370","6664","3","3","1920","379"
"90039","1020000","1098","5199","3","3","1924","54"
"90005","10925000","31549","0.31","38","47","1988","3292"
"90002","310000","1235","3363","4","2","1953","37"
"90001","750000","3337","5738","8","4","1929",""
"90019","1135000","2058","0","3","3","2019","89"
"90065","840000","1338","5114","3","2","1941","39"
"90049","1000000","1585","7875","2","3","2002","70"
"90065","145000","0","3410","1","1","1923","66"
"90027","6950000","4026","1.45","3","4.5","1922","198"
"90068","425000","685","13.74","1","1","1975","66"
"90048","4120000","5104","6251","5","7.5","2019","83"
"90057","612000","1852","3280","4","2","1915","183"
"90006","465000","880","0.31","2","2","2009","239"
"90069","492000","818","0.36","1","1","1964","77"
"90035","849000","1920","8501","3","3","2006","79"
"90019","959000","1767","0","3","3","2019","56"
"90020","455000","833","0.34","2","2","1964","105"
"90020","385000","566","1.69","1","1","1973","27"
"90068","3995000","5220","0.28","5","7.5","2019","69"
"90025","953100","1397","6752","2","3","2006","27"
"90094","950000","1640","2.11","2","3","2006","77"
"90047","557000","1203","5624","2","2","1937","111"
"90039","485000","941","1.6","1","1.5","1979","87"
"90006","1215180","3290","9100","4","3","1902","86"
"90068","620000","939","0.62","2","2","1961","33"
"90008","1100000","2162","8542","3","2","1956","70"
"90005","1290000","2950","0.24","5","3","1919","426"
"90230","625000","1074","2.96","2","2","1969","156"
"90003","316000","1458","5401","0","0","1930","89"
"90047","675000","2480","7001","4","3","1969","262"
"90049","33500000","8617","1.9","6","12","1940","295"
"90026","1035000","1567","6844","3","2","1925","249"
"90046","763000","1618","7016","3","3","1988","42"
"90049","33500000","8617","1.9","6","12","1940","295"
"90046","1150000","935","6622","2","1","1952","74"
"90036","2150000","5588","6497","0","0","1930","84"
"90077","24500","0","0","0","0","0","85"
"90037","675000","6472","7133","0","0","1912","263"
"90022","479000","1494","5620","4","3","1923","29"
"90067","695000","853","0","1","1","1966","35"
"90033","470000","1281","4001","0","0","1923","59"
"90003","380000","1568","5546","3","2","1909","588"
"90039","1235000","1435","5678","2","2","1926","39"
"90049","3945000","4626","1.09","6","4","1939",""
"90025","1950000","2114","7004","3","2","1930","65"
"90048","1735000","0","6200","0","0","1926","72"
"90230","1175000","951","4992","2","1","1951","73"
"90047","530000","1110","5208","3","1","1947","46"
"90027","569500","946","0.24","1","1","1959","513"
"90230","575000","962","6.13","2","2","1973","58"
"90002","385000","920","4876","3","1","1926","1"
"90066","697000","841","2.86","2","2","1961","39"
"90059","440000","1567","6004","3","2","1946","68"
"90043","500000","1140","4921","2","1","1921","-4"
"90042","849900","1962","1350","3","4.5","2018","63"
"90037","570000","4754","6791","0","0","1924","86"
"90230","1335000","1671","4994","3","2","1950","106"
"90011","457000","1446","5426","0","0","1912","39"
"90047","509000","1157","7621","3","2","1944","-3"
"90044","470000","1454","5401","0","0","1919","204"
"90002","382000","975","4001","3","2","1924","113"
"90049","1199999","1760","0.34","3","3","2000","50"
"90032","795000","1518","0.34","3","2","1956","120"
"90002","484000","1620","5845","0","0","1928","121"
"90064","1100000","1567","0","2","3","2008","42"
"90032","770000","1564","6628","3","2","1921","6"
"90034","1285000","3244","0","0","0","1965","224"
"90046","959000","1340","7803","2","2","2009","71"
"90042","751888","1450","5214","4","2","1923","40"
"90045","537000","902","2.36","2","2","1968","64"
"90026","1400000","2088","5969","4","2","1919","38"
"90059","440000","1065","4801","2","2","1926","898"
"90042","852000","1055","8014","2","1","1937","44"
"90064","105000","1949","5409","3","2","1951","1808"
"90047","645000","1791","6700","4","2","1928","84"
"90047","700500","2170","6676","0","0","1937","39"
"90031","653000","1703","0","0","0","1903","115"
"90043","780000","2052","8180","3","2","1937","40"
"90044","773000","3872","5203","0","0","2015","65"
"90031","452000","1194","7491","0","0","1914","81"
"90035","950000","1400","0.27","2","2","2006","-2"
"90230","550000","924","1.14","2","1.5","1968","38"
"90040","625000","1824","6539","0","0","1965","59"
"90230","473000","697","6.13","1","1","1973","-2"
"90042","760000","1812","6615","4","2","1954","65"
"90044","460000","1216","3570","0","0","1928","23"
"90022","437500","1631","4404","0","0","1928","47"
"90031","25000","0","0","0","0","0","181"
"90037","600000","1716","5223","0","0","1910","53"
"","25000","0","0","0","0","0","3"
"90077","1600000","1933","0.3","2","2","1949","-2"
"90068","800000","1200","0.3","2","1.5","1937","107"
"90024","3243750","3890","0.24","5","4","1939","53"
"90066","1750000","2194","4600","4","4","1947","47"
"90020","650000","1040","0","2","2","2016","51"
"90230","1415000","1629","5752","3","2","1940","84"
"90068","559000","987","11.7","1","1","1966","45"
"90023","470000","768","3953","2","2","1914","34"
"90044","415000","1008","5739","2","1","1923","167"
"90027","1050000","1872","5736","3","1","1910","253"
"90011","440000","1544","3581","4","2","1928","41"
"90044","830000","3452","5658","10","6","2013","40"
"90068","1265000","1599","6899","3","1.5","1948","55"
"90069","925000","1193","1.43","2","2","1964","2"
"90077","1115900","1890","2437","2","3","1978","238"
"90046","2001000","3569","0","3","4","2001","68"
"90046","2001000","0","4457","0","0","0",""
"90024","998000","1656","0.38","2","2","1985","142"
"90018","550000","1020","5604","2","1","1920",""
"90041","909000","1340","0.33","3","2","1974","69"
"90045","560000","1013","0.56","2","2","1991","28"
"90025","1269000","864","5409","2","1","1923",""
"90029","436000","2272","5702","4","4","1941","216"
"90016","750000","1799","6489","5","2","1923","2532"
"90011","699000","2740","5408","8","4","2009","3529"
"90046","1245000","1580","0.35","2","3","2017","47"
"90045","349000","595","2.36","1","1","1968","49"
"90016","960000","2973","0.23","0","0","0","190"
"90017","489000","531","2.27","0","1","2017","46"
"90027","3837500","3608","9580","4","6","1932","30"
"90077","7650000","0","0.69","3","6","1935","404"
"90047","351015","968","3601","2","1","1925","75"
"90042","530000","998","5601","3","1","1895","77"
"90020","385000","640","1.01","1","1","1986","148"
"90016","277500","2092","5040","4","3","1922","2057"
"90077","1377000","2543","0.56","5","4","1951",""
"90014","745000","990","0.37","0","1","1911","89"
"90043","1040000","6202","7951","10","8","1947","26"
"90046","527500","1047","1.23","1","1.5","1964","72"
"90016","710000","1459","4806","3","2","1921","61"
"90029","435534","580","0","1","1","1941","48"
"90011","445000","1020","5400","3","2","1906","113"
"90011","1000000","1189","6250","2","2","1902","663"
"90019","2375000","6048","8880","10","10","1953","5459"
"90026","449000","706","0","2","1","1979","60"
"90004","1140000","2270","0.45","4","4","2008","149"
"90047","540000","2376","3360","4","3","1927","44"
"90069","530000","970","1.64","1","1","1974","27"
"90026","940000","1774","3890","5","2","1923","48"
"90015","1750000","1700","9.17","2","3","2010","74"
"90026","800000","1852","3043","5","3","1907","208"
"90025","3025500","5450","8107","10","7","1949",""
"90026","475000","680","0","1","1","1923","69"
"90039","1237500","1840","7428","1","2","1960","26"
"90017","420000","530","0.27","1","1","1964","47"
"90024","427700","502","1.83","0","1","1973","28"
"90045","915000","1456","4021","3","1","1946","12"
"90049","1000000","1620","7375","2","3","1993","12"
"90066","1300000","1979","1953","3","4.5","2014","41"
"90061","510000","2281","7509","3","2","1949","48"
"90023","479000","1100","4851","4","2","1921","34"
"90039","1330000","2085","4375","3","4.5","2018","-3"
"90004","1374000","1405","4795","3","2","1923","56"
"90041","675000","916","3105","2","1","1924","-3"
"90003","560000","1740","4570","0","0","1921","1"
"90043","1070000","2306","5537","3","2","1939","42"
"90003","499999","1","4724","0","0","1909","104"
"90033","599000","1376","5422","0","0","1924","47"
"90024","3650000","4546","7742","0","0","1941","405"
"90008","265000","822","0","1","1","1959","-3"
"90068","20000","0","0","0","0","0","11"
"90008","720000","1180","6010","2","1","1941","43"
"90016","1139000","1975","5402","4","3","1924","43"
"90042","855000","945","5456","2","2","1950","28"
"90041","1643000","2308","8059","4","3","1928","61"
"90059","355000","858","5351","2","1","1946","117"
"90012","710000","1516","0.48","2","3","2002","57"
"90004","1825000","2709","9304","6","3","1912","670"
"90011","450000","1474","5532","4","2","1922","65"
"90042","804500","1312","4812","4","3","1906","53"
"90019","730000","2184","6624","4","2","1907",""
"90005","1550000","5490","6750","8","4","1923","418"
"90062","536000","1510","5750","3","1","1914","137"
"90042","830000","970","4998","2","2","1923","47"
"90036","1615000","2270","5608","3","2","1924","40"
"90028","741000","1370","0.76","2","4","2007","245"
"90063","430000","1212","4659","3","3","1923","184"
"90064","1200000","893","6250","2","1","1940","47"
"90065","1070000","1351","5638","3","2","1928","43"
"90049","1512000","2046","0.65","2","3","1996","3382"
"90044","529000","1626","6123","3","2","1909","229"
"90043","761000","2503","7128","3","2","1947",""
"90034","1635000","2637","0.35","4","3","1958","61"
"90019","1100000","4904","6811","8","4","1924",""
"90004","2125000","2012","6750","4","3","1921","35"
"90043","660000","1282","6401","2","1","1926","75"
"90045","2100000","3048","6000","5","4","2018","46"
"90066","2313000","2257","5872","4","4.5","1947","40"
"90004","1100000","3356","9000","3","2","1923","3055"
"90042","1200000","1196","5003","2","1","1925","208"
"90094","858975","1300","0.71","2","2","2004","160"
"90041","813000","1065","4785","2","1.5","1963","49"
"90010","850000","2032","0.9","3","3","2001","62"
"90230","579900","1109","0.61","2","2","1967","65"
"90069","2800000","0","7757","3","3","1924","70"
"90064","2490000","3500","8352","5","4","1952","59"
"90059","425000","2398","3251","4","2","1997","210"
"90005","1450000","5356","6751","8","4","1917","7314"
"90019","765000","2498","7425","3","2","1914","96"
"90020","292500","368","1.69","0","1","1973","67"
"90019","865000","1095","3170","2","1","1928","28"
"90041","625000","624","4831","2","1","1924","52"
"90035","5740000","2473","8168","2","2","1951","1203"
"90094","1325000","2140","0.59","2","3","2005","54"
"90044","350000","773","2873","2","1","1923","197"
"90016","1650000","4076","9614","8","8","1926",""
"90094","1638000","1871","0.3","3","3","2014","74"
"90069","525000","855","0.76","1","1","1970","-21"
"90018","951000","2753","8400","4","2","1910","35"
"90230","1221221","1250","8502","3","2","1947","28"
"90043","1300000","3756","6001","0","0","1949","39"
"90005","2000000","5660","6750","8","4","1917","517"
"90064","810000","1611","8474","2","3","1992",""
"90059","1390909","1118","4487","3","2","1955",""
"90002","430000","2268","3375","6","4","2006","55"
"90230","1338000","1780","4995","3","2","1941","75"
"90066","1900000","2377","7081","3","3","1948","82"
"90066","1565000","1440","4950","3","2","1924","34"
"90094","644000","830","0.65","1","1","2005","75"
"90011","740000","2822","6257","8","4","1940","104"
"90039","975000","1014","5600","2","1","1937","40"
"90069","1030000","1553","1.34","2","3","2002","31"
"90066","1660000","2229","5204","4","3","2018","123"
"90046","3800000","4758","6507","5","7.5","2016","78"
"90024","800000","1407","0.72","2","2","1989","22"
"90015","605000","860","0.95","1","1","2007","32"
"90024","3632607","3354","8100","3","3","1929","71"
"90008","265000","12486","0.4","15","15","1959","2408"
"90046","957000","745","1749","2","1","1927","48"
"90036","1620000","1798","6458","3","3","1925",""
"90034","2500000","4149","7501","7","5","1931","5151"
"90038","950000","1723","1637","2","3","2009","43"
"90066","1205000","1071","5595","2","1","1925","33"
"90008","2240000","6950","8893","5","7.5","2005","238"
"90049","19375000","8000","0.75","5","7.5","1998","66"
"90025","828500","1207","0.82","2","2","1989","59"
"90020","11347742","8477","0.66","6","7.5","1928","102"
"90019","799000","1590","0.39","3","3","2017","78"
"90069","1398000","0","0.24","2","2","1951",""
"90045","460000","963","0.81","2","2","1985","116"
"90069","3725000","2996","0.31","3","3","1937","60"
"90068","1637000","0","6422","3","2","1949","30"
"90056","1394421","3587","9517","4","4","1965","71"
"90003","412500","912","5583","3","1","1946","39"
"90007","6350000","17439","8975","22","30","1927",""
"90043","660000","2100","5105","5","4.5","2018","121"
"90043","545000","1655","6750","4","2","1922","91"
"90032","440000","1024","6233","2","1","1942",""
"90069","528000","667","1.46","1","1","1973","46"
"90066","1110000","834","5501","2","1","1947","31"
"90026","1855000","5894","7388","12","9","1961",""
"90025","860000","1971","0.31","2","3","1981","80"
"90045","1090000","1958","6796","3","2","1950","39"
"90029","760000","1723","3402","5","3","1920","321"
"90044","445000","1530","6032","3","1","1928",""
"90008","500000","1020","1.5","2","2","2007","101"
"90034","1485000","2005","6006","3","2","2017","49"
"90039","1105000","1770","2616","3","3","2010","42"
"90025","860000","1373","0.48","2","2","1974",""
"90007","7150000","21770","8780","0","0","1910",""
"90029","1920000","6872","7241","11","11","1971","2039"
"90068","1466000","2046","6828","3","2","1962","99"
"90230","996900","1540","5036","2","1.5","1946","34"
"90065","797000","1134","5999","2","1","1912","50"
"90045","1600000","1850","5915","3","2","1951","159"
"90037","410000","1066","5241","2","1","1910",""
"90022","525000","1039","5968","2","1","1941","20"
"90032","532000","1461","5961","3","2","1924","96"
"90069","1290000","1470","0.61","2","3","2009","20"
"90016","1193000","3122","6217","8","7","1925","18"
"90042","611000","594","1868","2","1","1917",""
"90019","805000","1190","6201","2","1","1939","44"
"90011","449900","1072","3563","3","2","1916","51"
"90046","1175000","1555","6460","3","4.5","2014","59"
"90039","852000","1455","0.68","2","3","2014","35"
"90015","545000","790","1.72","1","1","2006","153"
"90001","350000","784","1565","2","2","1930","90"
"90048","755000","885","2.07","1","2","1971","41"
"90036","3360000","4928","7506","5","6","2018","101"
"90046","1720000","1538","6549","3","2","1923","1518"
"90024","740000","1075","0.3","2","2","1963","43"
"90010","525000","830","1.47","1","1","1962","35"
"90068","690000","1375","7499","2","3","1978","194"
"90011","625000","1106","6000","2","1","1902",""
"90024","1760000","1849","0.61","2","2","2018","1"
"90065","490000","522","5200","1","1","1949",""
"90004","708000","1578","7024","2","1","1920",""
"90066","2700000","3549","7375","5","6","2018","40"
"90004","1110000","954","4999","2","1","1921","35"
"90046","1380000","2392","7153","3","3","1992","39"
"90042","611000","804","4571","1","1","1921","203"
"90013","720000","998","0.71","1","2","1912","62"
"90077","1110000","2968","1.36","3","3","1980","132"
"90043","569000","1100","4801","3","2","1923","69"
"90008","618000","1508","0","2","3","1961","102"
"90049","1150000","1902","7823","3","3","2000","115"
"90027","1869000","2340","7707","4","4.5","1935","41"
"90015","1030000","990","9.17","1","2","2010","114"
"90064","1100000","922","6959","2","1","1950",""
"90044","675000","1377","7436","2","1","1938","284"
"90025","1450000","2415","4958","3","4.5","1932","60"
"90003","382000","861","4119","2","1","1926","92"
"90019","1081000","1403","6888","2","1","1930","57"
"90025","827000","1475","6751","2","3","1989",""
"90016","775000","936","4793","3","1","1922","42"
"90062","565000","1526","6306","3","3","1911","167"
"90048","3215000","0","3959","3","4.5","2013","19"
"90018","397000","900","4802","1","1","1929",""
"90004","2815000","3187","6354","4","6","1926","113"
"90006","750000","2732","8062","5","3","1907","2877"
"90019","1050000","2224","6600","4","2","1922","181"
"90068","575000","1154","11.7","2","2","1966","62"
"90011","1095500","4032","6001","15","8","1964","305"
"90059","360000","912","0.26","3","1","1903","39"
"90019","1025000","5026","7000","6","4","1924","26"
"90034","1225000","1456","6175","2","2","1948","20"
"90045","1020000","1432","9309","3","2","1949","46"
"90025","1047000","1733","0.33","2","2","1982","45"
"90066","828000","1130","0.88","2","2","2010","55"
"90038","1541500","1692","7500","3","2","1911",""
"90016","480000","867","1.86","2","1.5","1949","41"
"90044","385000","660","5720","2","1","1922","79"
"90059","409000","832","5004","2","1","1945","68"
"90069","3450000","2036","0.26","3","3","1963","19"
"90069","1325000","1760","7705","2","3","1993","187"
"90066","2500000","3117","5500","4","4.5","2018","-1"
"90001","530000","1550","6231","0","0","1947","39"
"90032","90000","0","8846","0","0","0","1526"
"90042","730000","2556","5599","0","0","1915","217"
"90004","637000","948","4357","2","1","1922","147"
"90065","18000","0","0","0","0","0","41"
"90065","574500","844","5992","1","1","1923","62"
"90044","325000","1364","3814","4","2","1924",""
"90039","1788000","2800","4768","3","1.5","1939","27"
"90049","1855000","2151","6999","3","2","1946","103"
"90024","550000","646","0.97","1","1","1963","63"
"90043","363000","1284","3906","4","1","1925","451"
"90028","899000","1140","0.29","2","2","1929","61"
"90024","1275000","1450","0.29","2","3","2015",""
"90046","900000","1014","1811","2","2","1926","125"
"90037","405000","1382","4533","3","1","1910","331"
"90003","319800","1027","3825","3","2","1923","68"
"90029","1200000","2146","4224","4","4","1954","26"
"90045","4600000","1944","6821","4","2","1949","1881"
"90011","530000","1918","7497","3","1","1903","124"
"90003","400000","2415","6240","6","4","1947","7427"
"90026","810000","2512","7003","4","3","1890","1237"
"90024","878000","1711","0.43","2","2","1981","63"
"90046","1499000","1750","6754","2","1.5","1918","46"
"90024","1496000","1116","0.61","1","1.5","1954",""
"90046","787500","1252","0.39","2","2","1963","40"
"90004","1100000","2172","7504","3","3","1919","62"
"90064","750000","1131","6501","2","2","1989","55"
"90069","9565000","6281","0.49","5","9","2018","20"
"90003","395000","914","5436","2","1","1941","54"
"90066","865000","1418","7249","2","2","1981","45"
"90069","1300000","1548","0","2","3","1990","202"
"90015","665000","1020","1.21","1","1","2008","172"
"90047","437000","1008","4275","2","1","1925","41"
"90001","295000","836","6000","2","1","1918","161"
"90017","519500","820","0.62","1","1","1986","68"
"90025","750000","1548","6615","2","2","1988","24"
"90017","535000","860","0.62","1","1","1986","260"
"90011","6075000","1280","2820","2","2","1919","3618"
"90028","708000","1170","0.57","2","2","2009","55"
"90024","3100000","2735","0.87","2","3","2010","24"
"90019","350000","988","4200","2","1","1922","57"
"90048","1299000","2032","0.25","3","4.5","1969","120"
"90048","570000","719","2.07","1","1.5","1971","167"
"90069","1300000","1548","0.31","2","3","1990",""
"90025","1065000","1650","0.31","3","4.5","2006","106"
"90025","920000","1683","0.38","2","2","1974","66"
"90066","1100000","1471","4783","3","2","1937","98"
"90062","485000","1486","5676","0","0","1922","66"
"90002","325000","980","3122","3","1","1928","99"
"90032","560000","1378","6314","4","3","1942","97"
"90002","569000","2130","6248","0","0","1926","78"
"90032","77500","0","0","0","0","0","99"
"90032","77500","0","0","0","0","0","99"
"90012","1450000","5770","6673","0","0","1970","66"
"90011","800000","3157","6525","0","0","1905","64"
"90045","999000","1414","7025","3","2","1946","208"
"90002","475000","1286","0","0","0","1933","211"
"90047","1600000","10939","0","0","0","1962","79"
"90044","460000","1080","6988","2","1","1920","68"
"90038","795000","1031","2835","2","1","1922","7"
"90024","764000","1088","0.36","2","2","1970","64"
"90004","1100000","1545","6749","3","1.5","1922","111"
"90016","645000","1279","0","2","2","1914","24"
"90069","835000","1153","0.86","2","2","1973","53"
"90029","1250000","2183","9032","4","2","1919","452"
"90042","815000","1315","5994","2","2","1922","146"
"90230","406850","697","2.62","1","1","1973","191"
"90011","238000","1263","5427","3","1","1907",""
"90024","1000000","1824","0.72","3","3","1963",""
"90064","1574000","1420","6751","2","1","1926","65"
"90027","1110000","0","1527","0","0","0","43"
"90067","850000","1300","13.53","2","2","1986",""
"90027","11750000","15775","0.42","36","40","1955",""
"90057","320000","519","0.39","1","1","1971","189"
"90040","325000","689","2977","2","1","1947","155"
"90016","645000","1279","6000","2","2","1914",""
"90049","415000","545","4.33","1","1","1959","65"
"90066","1625000","2932","6249","4","4","1949","48"
"90065","1223500","1847","7249","2","3","2016","57"
"90068","2125000","4396","6240","4","6","1992","247"
"90064","2925000","3660","0.27","4","4","1950","57"
"90046","1800000","4297","6162","4","6","2005","175"
"90066","1425000","1542","5750","3","2","1946","43"
"90066","3075000","1416","7430","2","2","1950","504"
"90005","6215000","30020","0.34","39","45","1962","5589"
"90069","1600000","1193","1.43","2","2","1964",""
"90024","1025000","1459","0.4","2","2","1962","183"
"90032","628350","1000","7505","2","1","1922","188"
"90032","1178000","3305","5900","0","0","1959",""
"90230","660000","1300","0.61","2","2","1967","302"
"90037","375000","578","5439","1","1","1938","21"
"90045","1365000","2160","7734","4","3","1951","38"
"90019","965000","3230","0.28","6","4","1987","1393"
"90003","360000","1008","5100","3","1","1922","129"
"90036","2850000","3330","9073","6","4","1925","50"
"90066","1875000","2761","4306","4","4","2018","43"
"90025","3960000","9332","8034","14","11","1963",""
"90029","1250000","2825","8684","6","3","1920","3658"
"90034","2350000","7009","7425","15","12","1964",""
"90068","1435000","1882","6766","3","2","1958","29"
"90230","1110000","1552","6252","3","3","1941","158"
"90049","4146400","3635","9183","4","6","1941","71"
"90065","800000","1554","5500","3","3","1937","42"
"90077","1850000","2452","8804","3","3","1989","43"
"90046","825000","900","2500","2","2","1938","30"
"90045","1125000","1880","5725","4","2","1952","38"
"90066","2400000","2700","5415","4","4.5","2018","141"
"90065","1315600","2236","4670","3","3","1991","37"
"90012","410000","481","2.44","0","1","1968","69"
"90043","810000","2390","6600","3","3","1939","202"
"90026","452000","884","3520","2","2","1925","253"
"90004","720000","1439","0.32","3","2","2016","55"
"90068","1150000","1678","8817","3","2","1963","50"
"90064","1480000","1318","6250","3","1","1929",""
"90002","362000","1188","5066","3","2","1974","22"
"90008","950000","1825","4620","3","2","1948","37"
"90034","2100000","6008","7474","11","9","1962","4320"
"90047","416000","736","4682","2","1","1923","47"
"90015","490000","754","1.72","1","1","2006","171"
"90065","585000","1311","5168","2","4","1922","37"
"90003","435000","1400","4700","3","2","1910","64"
"90032","1075000","3850","7000","0","0","1964","71"
"90045","818000","1196","6000","0","0","1943","35"
"90032","485000","756","4715","2","1","1947","71"
"90046","1150000","1156","5289","2","2","1939","34"
"90044","485000","1520","7019","0","0","1921","60"
"90029","2040000","6832","6881","12","12","1957","5682"
"90032","485000","756","4715","2","1","1947","71"
"90044","395000","770","6616","2","1","1921","2929"
"90045","818000","1196","6000","0","0","1943","35"
"90044","425000","1327","5309","3","2","1924",""
"90005","3000000","10744","8967","16","16","1957",""
"90003","220000","1904","5207","4","2","1913",""
"90038","1884000","1789","7499","5","2","1919",""
"90003","370000","1134","5086","2","1","1945","-1"
"90034","1975000","2778","7743","3","4","1950","131"
"90032","820000","3683","0.29","5","6","1924","215"
"90042","615000","707","5998","2","1","1921","22"
"90230","622000","962","6.13","2","2","1973","39"
"90049","750000","1228","1.85","2","2","1996","54"
"90044","850000","3516","5592","8","4","1963","2478"
"90066","2600000","3048","5846","5","4","1947","1"
"90004","1687500","2500","6887","4","4","1911","95"
"90069","532000","977","0.31","1","1","1969","33"
"90230","1925000","3000","5758","5","4","1944","270"
"90016","735000","1118","5996","3","1","1944","42"
"90047","580000","2286","5441","6","4","1997",""
"90069","710000","843","7357","1","1.5","1980","45"
"90004","2270000","5724","7353","9","9","1990",""
"90048","1950000","3473","5107","4","5","1931","64"
"90031","989000","1795","6298","3","4.5","1978","27"
"90045","1636425","2252","7603","4","3","1945","53"
"90230","1250000","1165","4075","3","1","1941","40"
"90026","1910000","4912","6269","10","8","1962",""
"90018","650000","1500","6138","3","1","1907","138"
"90047","400000","1095","7124","3","1","1946","53"
"90047","463000","1566","5400","3","2","1929","157"
"90015","775000","1370","1.72","2","2","2006","195"
"90044","480000","1358","5256","4","2","1905","2061"
"90033","660000","3013","4352","0","0","1928","132"
"90036","1500000","2010","6752","4","3","1924","126"
"90045","1000000","1786","7061","0","0","1950","88"
"90026","960000","2268","7192","0","0","1924","274"
"90038","620000","1180","0.47","2","2","2008","112"
"90044","840000","3516","0","8","4","1963","35"
"90047","430000","936","4679","2","1","1922","163"
"90037","482476","2108","5444","0","0","1913","75"
"90032","60000","0","0","0","0","0","72"
"90026","852000","1904","7441","0","0","1922","114"
"90031","1417250","6534","0.25","0","0","1904","160"
"90003","610000","2480","3850","0","0","2006","61"
"90011","225000","0","3159","0","0","1912","167"
"90023","1085000","4212","0.31","8","7","1922","64"
